"id","name","address","text2","text1","site_title","logo","favicon","image_og","phone","meta_description","content","created_at","updated_at","email","email_receive","telegram","copyright","textfooter"
1,Nuoilo66.com,"17 - 19, Ngõ 59 Láng Hạ, Quận Ba Đình, Hà Nội","<div class=""list1"" style=""border-radius: 1px; border: 1px solid #F0FFFF; border-bottom: 1px dashed #d5d5d5; padding: 7px; font-size: 17px;"">
<p style=""text-align: justify;""><strong> Soi cầu 247</strong> - trang diễn đ&agrave;n XSMB ch&eacute;m gi&oacute; l&ocirc; đề soi cầu H&Agrave;NG ĐẦU. Sưu tầm kiến thức của c&aacute;c chuy&ecirc;n gia soi cầu 247 TOP 1 h&ocirc;m nay về xổ số, Dự đo&aacute;n soi cầu loto, nu&ocirc;i l&ocirc; khung 3 ng&agrave;y, nu&ocirc;i l&ocirc; song thủ 3 ng&agrave;y tuyệt đối ch&iacute;nh x&aacute;c nhất v&agrave; ho&agrave;n to&agrave;n miễn ph&iacute;.!</p>
</div>
<div class=""list1"" style=""border-radius: 1px; border: 1px solid #F0FFFF; border-bottom: 1px dashed #d5d5d5; padding: 7px; font-size: 17px;"">
<p style=""text-align: justify;""><strong> Soi cầu 24h</strong> - Diễn đ&agrave;n soi cầu XSMB 24h, ch&eacute;n gi&oacute;, ph&acirc;n t&iacute;ch, dự đo&aacute;n kết quả Xổ Số Miền Bắc ch&iacute;nh x&aacute;c cao, trang lu&ocirc;n cập nhật Cao Thủ Soi Cầu, Giờ V&agrave;ng chốt số Online, Tập hợp c&aacute;c chuy&ecirc;n gia soi cầu 247 vip miễn ph&iacute; h&ocirc;m nay.</p>
</div>
<div class=""list1"" style=""border-radius: 1px; border: 1px solid #F0FFFF; border-bottom: 1px dashed #d5d5d5; padding: 8px; font-size: 17px;"">
<div style=""color: #006699;"">
<p style=""text-align: justify;""><em><strong> Soicaumb247.Com </strong> - Chuy&ecirc;n trang soi cầu 247 miền bắc h&ocirc;m nay, ph&acirc;n t&iacute;ch dự đo&aacute;n soi cầu 24h ch&iacute;nh x&aacute;c, nu&ocirc;i l&ocirc; khung 3 ng&agrave;y, nu&ocirc;i l&ocirc; song thủ bất b&atilde;i v&agrave; ho&agrave;n to&agrave;n miễn ph&iacute;. </em></p>
<br>
<p style=""text-align: justify;""><em>Soi cầu mb 247 - l&agrave; diễn đ&agrave;n <strong>Tr&ograve; chuyện - Ch&eacute;m gi&oacute;</strong> với mục đ&iacute;ch giao lưu, kết bạn, thảo luận về xổ số v&agrave; c&aacute;c lĩnh vực kh&aacute;c tr&ecirc;n tinh thần vui vẻ, h&ograve;a đồng, gi&uacute;p đỡ lẫn nhau kh&ocirc;ng vụ lợi.!</em></p>
</div>
</div>","<p><img src=""https://soicaumb247.com/icon-hot-247.gif"" alt=""soi cầu"">&nbsp;Bạn đang tốn qu&aacute; nhiều thời gian để nghi&ecirc;n cứu cầu m&agrave; vẫn kh&ocirc;ng ch&iacute;nh x&aacute;c, hay bạn đang b&iacute; số v&agrave; kh&ocirc;ng biết n&ecirc;n chọn con số g&igrave; để chơi v&agrave; ăn trong ng&agrave;y h&ocirc;m nay h&atilde;y đến với website soi cầu mb 247 của ch&uacute;ng t&ocirc;i. Đ&acirc;y l&agrave; địa chỉ trang&nbsp;<a title=""soi cầu 247"" href=""https://soicaumb247.com/""><strong>soi cầu 247</strong></a> được nhiều người truy cập v&agrave; lấy số chuẩn mỗi ng&agrave;y. Ch&uacute;ng t&ocirc;i c&oacute; d&agrave;n đội ngũ chuy&ecirc;n nghi&ecirc;n cứu về cầu l&ocirc; đề XSMB n&ecirc;n đưa ra những con số lu&ocirc;n c&oacute; x&aacute;c suất tr&uacute;ng cao. Nếu bạn l&agrave; một t&iacute;n đồ của xổ số Miền Bắc th&igrave; h&atilde;y online thường xuy&ecirc;n để xem ch&uacute;ng t&ocirc;i soi cầu mb v&agrave; chốt số mỗi ng&agrave;y nh&eacute;.</p>",Nuoilo66.com,images/05b629abffdab28da969d67620c450d3.png,images/299f9182d902e89e7f346346be868bde.jpg,images/4d50eb31bb36cae92c6dc1ba02524a17.png,"912944666",Nuoilo66.com,[],"2023-04-21 16:09:45","2025-09-29 06:49:30",info@hanvinatravel.vn,marketing.hanvina@gmail.com,@soicaumb247,,
1,Nuoilo66.com,"17 - 19, Ngõ 59 Láng Hạ, Quận Ba Đình, Hà Nội","<div class=""list1"" style=""border-radius: 1px; border: 1px solid #F0FFFF; border-bottom: 1px dashed #d5d5d5; padding: 7px; font-size: 17px;"">
<p style=""text-align: justify;""><strong> Soi cầu 247</strong> - trang diễn đ&agrave;n XSMB ch&eacute;m gi&oacute; l&ocirc; đề soi cầu H&Agrave;NG ĐẦU. Sưu tầm kiến thức của c&aacute;c chuy&ecirc;n gia soi cầu 247 TOP 1 h&ocirc;m nay về xổ số, Dự đo&aacute;n soi cầu loto, nu&ocirc;i l&ocirc; khung 3 ng&agrave;y, nu&ocirc;i l&ocirc; song thủ 3 ng&agrave;y tuyệt đối ch&iacute;nh x&aacute;c nhất v&agrave; ho&agrave;n to&agrave;n miễn ph&iacute;.!</p>
</div>
<div class=""list1"" style=""border-radius: 1px; border: 1px solid #F0FFFF; border-bottom: 1px dashed #d5d5d5; padding: 7px; font-size: 17px;"">
<p style=""text-align: justify;""><strong> Soi cầu 24h</strong> - Diễn đ&agrave;n soi cầu XSMB 24h, ch&eacute;n gi&oacute;, ph&acirc;n t&iacute;ch, dự đo&aacute;n kết quả Xổ Số Miền Bắc ch&iacute;nh x&aacute;c cao, trang lu&ocirc;n cập nhật Cao Thủ Soi Cầu, Giờ V&agrave;ng chốt số Online, Tập hợp c&aacute;c chuy&ecirc;n gia soi cầu 247 vip miễn ph&iacute; h&ocirc;m nay.</p>
</div>
<div class=""list1"" style=""border-radius: 1px; border: 1px solid #F0FFFF; border-bottom: 1px dashed #d5d5d5; padding: 8px; font-size: 17px;"">
<div style=""color: #006699;"">
<p style=""text-align: justify;""><em><strong> Soicaumb247.Com </strong> - Chuy&ecirc;n trang soi cầu 247 miền bắc h&ocirc;m nay, ph&acirc;n t&iacute;ch dự đo&aacute;n soi cầu 24h ch&iacute;nh x&aacute;c, nu&ocirc;i l&ocirc; khung 3 ng&agrave;y, nu&ocirc;i l&ocirc; song thủ bất b&atilde;i v&agrave; ho&agrave;n to&agrave;n miễn ph&iacute;. </em></p>
<br>
<p style=""text-align: justify;""><em>Soi cầu mb 247 - l&agrave; diễn đ&agrave;n <strong>Tr&ograve; chuyện - Ch&eacute;m gi&oacute;</strong> với mục đ&iacute;ch giao lưu, kết bạn, thảo luận về xổ số v&agrave; c&aacute;c lĩnh vực kh&aacute;c tr&ecirc;n tinh thần vui vẻ, h&ograve;a đồng, gi&uacute;p đỡ lẫn nhau kh&ocirc;ng vụ lợi.!</em></p>
</div>
</div>","<p><img src=""https://soicaumb247.com/icon-hot-247.gif"" alt=""soi cầu"">&nbsp;Bạn đang tốn qu&aacute; nhiều thời gian để nghi&ecirc;n cứu cầu m&agrave; vẫn kh&ocirc;ng ch&iacute;nh x&aacute;c, hay bạn đang b&iacute; số v&agrave; kh&ocirc;ng biết n&ecirc;n chọn con số g&igrave; để chơi v&agrave; ăn trong ng&agrave;y h&ocirc;m nay h&atilde;y đến với website soi cầu mb 247 của ch&uacute;ng t&ocirc;i. Đ&acirc;y l&agrave; địa chỉ trang&nbsp;<a title=""soi cầu 247"" href=""https://soicaumb247.com/""><strong>soi cầu 247</strong></a> được nhiều người truy cập v&agrave; lấy số chuẩn mỗi ng&agrave;y. Ch&uacute;ng t&ocirc;i c&oacute; d&agrave;n đội ngũ chuy&ecirc;n nghi&ecirc;n cứu về cầu l&ocirc; đề XSMB n&ecirc;n đưa ra những con số lu&ocirc;n c&oacute; x&aacute;c suất tr&uacute;ng cao. Nếu bạn l&agrave; một t&iacute;n đồ của xổ số Miền Bắc th&igrave; h&atilde;y online thường xuy&ecirc;n để xem ch&uacute;ng t&ocirc;i soi cầu mb v&agrave; chốt số mỗi ng&agrave;y nh&eacute;.</p>",Nuoilo66.com,images/05b629abffdab28da969d67620c450d3.png,images/299f9182d902e89e7f346346be868bde.jpg,images/4d50eb31bb36cae92c6dc1ba02524a17.png,"912944666",Nuoilo66.com,[],"2023-04-21 16:09:45","2025-09-29 06:49:30",info@hanvinatravel.vn,marketing.hanvina@gmail.com,@soicaumb247,,
